tid1,thana1,school_name,schoolCode1,schoolCode2,school_name,tid2,thana2,sameCnt,sameThana
78,"Rajibpur,Kurigram",KODAL KATI,91107090203,99107090205,KODALKATI ANSAR DILAR PARA PRIMARY SCHOOL,78,"Rajibpur,Kurigram",50,TRUE
78,"Rajibpur,Kurigram",KODALKATI ANSAR DILAR PARA PRIMARY SCHOOL,99107090205,91107090203,KODAL KATI,78,"Rajibpur,Kurigram",50,TRUE
88,"Ruma,Bandarban",KONGO PARA,91415020211,91412020901,SAIRAR DAIL,482,"Maheshkhali,Coxs bazar",19,FALSE
303,"Barhatta,Netrokona",POSSIM BOR GAWA REGD PRIMARY SCHOOL,99304080603,99304060510,KAYRATI NON GOVT. REG PARIMARY SCHOOL,301,"Netrokona sadar,Netrokona",102,FALSE
372,"Rupgonj,Narayangonj",MASUMABAD,91311050401,99311050305,JON KALLYAN ADROSO RPS,372,"Rupgonj,Narayangonj",342,TRUE
372,"Rupgonj,Narayangonj",JON KALLYAN ADROSO RPS,99311050305,91311050401,MASUMABAD,372,"Rupgonj,Narayangonj",342,TRUE
492,"Ramgarh,Khagrachhari",DATA RAM KARBARI PARA,91413040202,91411041911,DHARMA PUR KOBBADIA,464,"Fatikchhari,Chittagong",23,FALSE
492,"Ramgarh,Khagrachhari",DAKKHIN LAMKU PARA PRIMARY SCHOOL,99413049003,99413049005,SHONARKHIL PRIMARY SCHOOL,492,"Ramgarh,Khagrachhari",35,TRUE
492,"Ramgarh,Khagrachhari",SHONARKHIL PRIMARY SCHOOL,99413049005,99413049003,DAKKHIN LAMKU PARA PRIMARY SCHOOL,492,"Ramgarh,Khagrachhari",35,TRUE
